{"God's Plan": "wishin wishin wishin wishin wishin yeah movin calm dont start trouble tryna keep peaceful struggle dont pull 6 cuddle know like lovin dont wanna die miss yes see things wishin hope got brothers outlive gon tell story shit different gods plan gods plan hold back sometimes wont yuh feel good sometimes dont ayy dont finessed weston road ayy nessed might go god yeah wait go hard southside g yeah wait make sure north side eat still bad things lot bad things wishin wishin wishin wishin wishin bad things lot bad things wishin wishin wishin wishin wishin yeah ayy ayy say love tell partly love bed mama im sorry fifty dub even got tatted 81 theyll bring crashers party know turn o2 o3 dog without 40 oli thered magine never met broskies gods plan gods plan cant ayy ayy someone watchin shit close yep close ive since scarlett road ayy road ayy might go god yeah wait go hard southside g ayy wait make sure north side eat yeah still bad things lot bad things wishin wishin wishin wishin wishin yeah yeah bad things lot bad things wishin wishin wishin wishin wishin yeah", "In My Feelings": "trap trapmoneybenny shit got feelings gotta real yeah kiki love riding say youll never ever leave beside cause want ya need ya im always kb love riding say youll never ever leave beside cause want ya need ya im always look new really still real swear gotta feel try kill gotta make choices runnin options cause ive goin dont know stoppin get toppin see youve learnin get shoppin spend like earned popped ex deserved thought one jump confirmed trapmoneybenny buy champagne love henny block like jenny know special girl cause know many resha love riding say youll never ever leave beside cause want ya need ya im always jt love riding say youll never ever leave beside cause want ya need ya im always two bad bitches kissin wraith kissin kissin wraith kiss kissin wraith need black card code safe code safe code code safe safe show neck work fuck netflix chill whats net net net worth cause want ya need ya im always yeah yeah yeah yeah bad im always yeah yeah yeah guess whos back im always al black biggy biggy black biggy black blake always got new boy nigga trade kiki love riding say youll never ever leave beside cause want need im always kb love riding say youll never ever leave beside cause want ya skate smoke rap let see bring ass bring ass bring ass back b bring ass bring ass bring ass back shawty say nigga cant hit shawty ima hit hit like cant miss let see clap ass youre one love clap ass clap clap ass bring ass back clap clap clap ass youre one love lets go lets go lets go bring ass back trap trapmoneybenny shit got feelings gotta real yup blaqnmild genius diggin dont even care need photo drake instagram weak fuck im real shit look", "Hotline Bling": "used call used used yeah used call cell phone late night need love call cell phone late night need love know hotline bling mean one thing know hotline bling mean one thing ever since left city got reputation everybody knows feel left girl got got stressed cause ever since left city started wearing less goin glasses champagne dance floor hangin girls ive never seen used call cell phone late night need love call cell phone late night need love know hotline bling mean one thing know hotline bling mean one thing ever since left city dont get along make feel like wrong going places dont belong ever since left city got exactly asked running pages passport hangin girls ive never seen used call cell phone late night need love call cell phone late night need love know hotline bling mean one thing know hotline bling mean one thing days wonder youre bendin backwards someone else wonder youre rolling backwoods someone else things taught gettin nasty someone else dont need one else dont need nobody else never alone always touching road used always stay home good girl zone yeah right youre someone else used call cell phone late night need love call cell phone late night need love know hotline bling mean one thing know hotline bling mean one thing ever since left city", "One Dance": "baby like style grips waist front way back way know dont play streets safe never run away even im away oti oti theres never much love go ot pray make back one piece pray pray thats need one dance got hennessy hand one time fore go higher powers taking hold need one dance got hennessy hand one time fore go higher powers taking hold baby like style strength guidance im wishing friends nobody makes ends bust silence know gotta stick soon see text reply dont wanna spend time fighting weve got time thats need one dance got hennessy hand one time fore go higher powers taking hold need one dance got hennessy hand one time fore go higher powers taking hold got pretty girl love long time wine wine love long time oh yeah long time back back back wine back back wine girl back back back wine oh yeah long time back back wine girl tell need know wanna go cause youre ill take slow make lose control oh yeah long time back back wine girl cause youre back back cause youre back back cause youre back back need one dance got hennessy hand one time fore go higher powers taking hold need one dance got hennessy hand one time fore go higher powers taking hold", "Hold On, We're Going Home": "got eyes youre everything see want hot love emotion endlessly cant get left mark want hot love emotion endlessly cause youre good girl know act different around cause youre good girl know know exactly could hold going home hold going home hard things alone hold going home got eyes youre everything see want hot love emotion endlessly cant get left mark want hot love emotion endlessly cause youre good girl know act different around cause youre good girl know know exactly could hold going home hold going home hard things alone hold going home youre girl youre one gave everything loved think theres something baby think theres something baby youre girl youre one gave everything loved think theres something baby think theres something baby cause youre good girl know act different around cause youre good girl know know exactly could oh hold going home hold going home hard things alone hold going home home hold oh oh", "Know Yourself": "hol yute hol hol hol hol hol sleepin streets shaky warrior yeah oliver 40 niko shit man 15 fort york shit yknow boi 1da whats poppin yeah yeah runnin 6 woes countin money know goes pray real live forever man pray fakes get exposed want ferrari swerve want bugatti hurt aint rockin jewelry thats purpose niggas want spot dont deserve dont like serious take ive always guess know shakiness man dont time city turned ill take fine find thats find know nigga named johnny bling put finer things job sellin girbaud jeans yellow technomarine kanye dropped polos backpacks man ethan pushin subaru hatchback man im talkin way hashtags runnin 6 woes runnin 6 woes know shit go know shit go know shit go runnin 6 woes know shit go know shit go know shit go dont fuck niggas irrational woah nasty flow top boy shit im international reps got p reign chubby tj winnie woah yeah know shit go might declare holiday soon baka get back road yeah know shit go irrational dont wanna patch wanna mash woah nigga jibba whip ride passenger im way stay im two im three get back woah im turnin nigga thinks money women like 247 thats life took thats shit happened go know runnin 6 running 6 woes know shit go know shit go know shit go runnin 6 woes know shit go know shit go know shit go runnin 6 woes know shit go shell yuh eye nuh big always haffi look yuh know yuh head book dun know de unruly boss dis man bomboclat otha boy nuh like ovo chromatic yuh jus suck yuh mada apology nuh like nuh like neither youth girl say cute diss get execute thats truth ovo unruly woes", "Back to Back": "oh man oh man oh man yeah learned game william wesley never check back back niggas didnt get message back back like im cover lethal weapon back back like im jordan 96 97 woah important pretentious look back might mad gave attention yeah weighin heavy conscience yeah fuck left boy options wanna see niggas go insane gon make step fuckin frame gon make buy bottles charlamagne gon make go fuckin way waited four days nigga yall drove wraith playin ar ab im sure really made yall mad guess gotta make yall rap mean woah cant fool city man know whats second floor tootsies gettin shoulder rubs yall think dont write enough mad cause got midas touch love gotta give world world tour girls tour know gotta thug aint meant told open yeah trigger fingers turn twitter fingers yeah gettin bodied singin nigga im type nigga thatll type niggas shout boss bitches wifin niggas make sure hit prenup tell man ease another one another one still aint shit one got drink going back back yeah going back back got drink going back back yeah im going back back dont wanna hear ever even tell better friends even saying drizzy tell em puttin show sell event oh need better seatin didnt wanna gave every reason point im tryin make dont ever need em seen youd fame would freedom please check em wire earpiece please please let niggas near please think come great one please whos real nigga aint one please somebody stop im talkin boasy gwanin wassy got fest five days shit soon nigga hit stage gon gon ask play shit back back yeah want back back gon ask play shit back back took break views back nigga", "All Me": "im really stepping game bitches gotta start paying cant get free randy got everything got everything cannot complain cannot dont even know much really made forgot lot fuck never mind got nigga dont watch cause came thats stay true thats help thats real came thats stay true thats help thats real money mind think js pinky ring dogging hoes need quarantine league dont ball want fame hear shit time said love said baby girl fall line okay made million dinner fork watch switch walked ill nigga alert ill nigga alert need work got work got bitches condo bought shirt cost mercedes benz car note toronto let metal go dick hard make metal detector go sauce dressing givenchy nigga god bless bad bitch crime id arrested got everything got everything cannot complain cannot dont even know much really made forgot lot fuck never mind got nigga dont watch cause came thats stay true thats help thats real came thats stay true thats help thats real touched 86 knew man age 6 even fucked girl used babysit years later crazy shit heard new shit nigga hated damon wayans homie dont play shit get paid lot get paid bit latest shit like greatest hits god damn aint wishing side yall dont fuck us dont fuck yall different side god damn listen everybody cause told youre motherfucking man dont need help cashing checks im bigging chest yall keep talking bout next im big gets swear yall wasting yall breath im light skinned keith sweat ima make last forever turn cause aint done yet look understand im roll like cottonelle made shit im road box office sales im getting paid shit ask please excuse table manners making room table dancers cause judging advances got paid like eight advances god damn got everything got everything cannot complain cannot dont even know much really made forgot lot fuck never mind got nigga dont watch cause came thats stay true thats help thats real came thats stay true thats ho shut fuck got way much mental learn ive im finna didnt still waking like rents due complicated simple got sexy ladies whole benz full hoes im everything everything gentle still take time man guess im old fashioned wearing retro sh thats old fashion nigga see im saying closed caption paint pics see shit good sex need hit keep broad floor year round like season tickets plead fifth drink fifth load nine leave split half smoke half need zip new girl glee shit probably making money shit swear god got 99 problems bitch aint one got 99 problems getting rich aint one like got trust issues im sorry people ive pushed im type bullet proof condom still gotta pull thats aint perfect aint saint worth one thing worth niggas still hating aint working lil bitch oh oh oh think done fucked many women 305 fore end year ill king diamonds 3 times smoking kush section like legalized girl cant always way sometimes like dont really fuck like aint never like took time got shine let eat like taught never loan somebody need right back need shit right back im blessed muhfucka niggas stressed muhfucka niggas getting nervous clutching chests like muhfucka damn thats motherfucker tell truth dont listen cause dont like lied ship wont sail wind wont guide daddy jail talking window like motherfucking drive thru back man niggas rich enough whatever", "From Time": "whats minute since kicked youve caught bitches dont get youre star love shouldnt deal id never make feel like cause love love enough us thats trust know us afraid darling give cannot take love yeah needed hear shit hate youre submissive passive aggressive texting feel distance look around peers surround niggas tripping like money makes difference dont make different started realizing couple places could take want get back kid basement want take deeper money pussy vacation influence generation thats lacking patience ive dealing dad speaking lack patience old man getting back basics weve talking bout future time wasted put bottle girl niggas amazing well fuck couple coronas might rolled white paper something hold us even talked couple moments said hash like couple grown ups flower child beautiful child im zone looking like came seventies mother sixty six favorite line hit fuck wants seventy alone dont even know want love anymore search something im missing disappear im bored girl qualities looking settling better boy huh love love enough us thats trust know us afraid darling give cannot take love uh thinking bout texas back porscha used work treasures back houston leverage got summer michael kors mommas debit weak attempt flexing ill never forget cause night played three songs got talking bout something disagreed start telling ill never big trey songz boy wrong negative energy feed therapeutic blowing money galleria beverly center macys discovered bria landmarks muses inspired music could tell sincere without tryna prove one needed courtney hooters peachtree ive always feeling like piece complete engaged married whats rush commitment know going shit name couple isnt remember talk parking lot ritz girl felt like planned guess fucked vision learning true consequences selfish decisions find im living hope im forgiven seem like dont want love anymore im acting open hard ignore girl qualities looking settling better boy huh love love enough us thats trust know us afraid darling give cannot take love baka aka nice time g east side ting scarborough ting time g di ting dem time g dont know whats wrong little wasteman eh yall need know", "Fake Love": "ive long look like look got fake people showin fake love straight face straight face ive long look like look got fake people showin fake love straight face straight face somethin aint right talkin somethin aint right talkin look like hidin problems really never solid cant son wont never get run shit look reach reach back like one three like one three yeah thats smile face whole time wanna take place whole time wanna take place whole time wanna take place yeah know wanna take place tell love fake dont trust word say wanna clique mistakes look face ive long look like look got fake people showin fake love straight face straight face ive long look like look got fake people showin fake love straight face straight face yeah straight face tryna play safe vibe switch like night day see like right away came changed caught whole play since things never thats smile face whole time wanna take place whole time wanna take place whole time wanna take place yeah know wanna take place tell love fake dont trust word say wanna clique mistakes look face ive long look like look got fake people showin fake love straight face straight face ive long look like look got fake people showin fake love straight face straight face skrrt chune headtop watch speak name know"}