{"Star Shopping": "wait right ill back mornin know im important girl youre much gorgeous much perfect right know im really worth give time could work give time work losin patience girl dont blame earths rotation youre waitin look face fuck waist cause one conversation week thats friends always hatin fuck em though matter fact aint never asked one help thats dont pick phone rings none exes lil peep nobody flexin much thats text tell love know someday ill sea makin money smokin weed think funny open get comfortable got comin love love know im nothing like someone family want find way would walk look face talkin cause one conversation week get one conversation least shout everyone makin beats helpin preach musics thing keepin peace im fallin pieces look sky tonight stars reason reason shine reason like mine im fallin pieces look sky tonight stars reason", "Save That Shit": "fuck life cant save girl dont tell could save shit want payback way always play shit aint gettin nothin im sayin dont tell nothin like motherfuckers make rich make baby make take baby wont make back growing sick dont wanna make sad make scared baby wont take back nothin like motherfuckers make rich nothin like motherfuckers make rich fuck life cant save girl dont tell could save shit want payback way always play shit aint gettin nothin im sayin dont tell nothin like motherfuckers make rich make baby make take baby wont make back growing sick dont wanna make sad make scared baby wont take back another lonely road go another lonely road home wanna know gotta know wanna glo baby could glo fuck life cant save girl dont tell could save shit want payback way always play shit aint gettin nothin im sayin dont tell nothin like motherfuckers make rich make baby make take baby wont make back growing sick dont wanna make sad make scared baby wont take back make scared baby wont take back nothin like mothafuckas make rich", "Benz Truck (Gelik)": "lil bo peep brand new bitch back club gothboiclique iced teeth iced whip limousine tints suck dick friends switch benz truck always wanna fuck tell bitch good luck always wanna fuck cause came yeah lil bo peep brand new bitch back club gothboiclique iced teeth iced whip limousine tints suck dick friends switch benz truck always wanna fuck tell bitch good luck always wanna fuck cause came drugs nose good drugs cup dont wanna wait know gon make wanna hate pretty soon gonna hate gettin cake hate dont faze money make ill never let change dont wanna wait know gon make wanna hate pretty soon gonna hate gettin cake hate dont faze money make ill never let change lil bo peep brand new bitch back club gothboiclique iced teeth iced whip limousine tints suck dick friends switch benz truck always wanna fuck tell bitch good luck always wanna fuck cause came drugs nose good drugs cup lil bo peep brand new bitch back club gothboiclique iced teeth iced whip limousine tints suck dick", " witchblades": "moneyposse ooh bi big head beat switchblades cocaine gothboiclique make ho shake black fur black coat gothboiclique back ho switchblades cocaine gothboiclique til soul take black jeans half black hoes gothboiclique castle high school loner reject poser multiple personalities im bipolar swear mean well im still goin hell witchcraft love chants whisper ear put trance cocaine night long die bury ice witchcraft love chants whisper ear put trance cocaine night long die bury ice die bury ice die bury without lights lights nightlights clothes baby got good white die bury ice die bury without lights lights nightlights clothes baby got good white clothes baby got good white tell secret ill tell one mines wanna talk dont wanna fight ask im alright want lie switchblades cocaine gothboiclique make ho shake black fur black coat gothboiclique back ho switchblades cocaine gothboiclique til soul take black jeans half black hoes gothboiclique castle", " beamer boy": "man dont know fuck goin lately bro everybody actin real different shit aint nobody nobody talkin like months ago everybody hittin phone shit im mothafuckin schema boy im dreamer boy love girl dont even fuckin need boy baby im beamer boy need beamer boy want z3 thats two seater boy okay pull cash shawty pass take ass spaz okay yeah hit shawty get back got death notes list yeah im zone put phone im im ya girl wanna go real one hit jgrxxn like whats deal bruh see doin shows im pro got hoes got dough dont wanna hear want real shit want drug talk cant feel shit im never comin home alone cant let bros cant let bros feel like im one thats told ima show ya baby chosen ayy im mothafuckin schema boy im dreamer boy love girl dont even fuckin need boy baby im beamer boy need beamer boy want z3 thats two seater boy okay pull cash shawty pass take ass spaz okay yeah hit shawty get back got death notes list yeah im zone put phone im im ya girl wanna go real one hit jgrxxn like whats deal bruh see doin shows im pro got hoes got dough dont wanna hear want real shit want drug talk cant feel shit im never comin home alone cant let bros cant let bros feel like im one thats told ima show ya baby chosen ayy beamer boy", "Awful Things": "bother tell awful things know love helps get without bother tell awful things know love helps get without bother tell awful things know love move love like attention find obvious makes obvious feels tension two us two us tonight burn til im nothin memories get girl get girl burn til im nothin memories get girl im one bother tell awful things know love helps get without bother tell awful things know love move love dont turn back let teardrops fall speeding away city rearview heart racing whenever im near gothboi jumpin stage carry away carry away burn till theres nothing left would scream name last breath take favorite dress lay head chest diamonds rubies gems bother tell awful things know love helps get without bother tell awful things know love move love", " crybaby": "skedda said im crybaby cant lately girl drive crazy amg mercedes speedin highway lookin street lights geekin friday never sleep right knowin hurt dont deserve shoulda curved know im worst boo could cool got dance moves got vibe swear perfect ride wanna die wanna die got vibe swear love gettin high love gettin high wanna hide find ill inside im makin music cry oh lonely world know gon get lonely girl thats fo sho oh im lonely boy made lonely boy yeah know oh lonely world know gon get lonely girl thats fo sho oh im lonely boy made lonely boy yeah know said im crybaby cant lately girl drive crazy amg mercedes speedin highway lookin street lights geekin friday never sleep right knowin hurt dont deserve shoulda curved know im worst boo could cool got dance moves got vibe swear perfect ride wanna die wanna die got vibe swear love gettin high love gettin high wanna hide find ill inside im makin music cry oh lonely world know gon get lonely girl thats fo sho oh im lonely boy made lonely boy yeah know oh lonely world know gon get lonely girl thats fo sho oh im lonely boy made lonely boy yeah know", " the way i see things": "got feelin im gonna next year lets laugh little im gone ive dreamin shit got high dont love shes singin songs dont feel much pain got knife back bullet brain im clinically insane walkin home alone see faces rain time go spend gettin high hide 5 0 lines go im high fuckin eyes closed dont fuck im mind though come fuck mornin blinds closed show everything learned away runnin away im givin way way see things take away im givin way way see things", " hellboy": "one waited centuries see strange far path barely see promise glory hellboy dont even know ive dont gotta like ya bitch blowin phone like miss know love way kiss dont even know ive dont gotta like ya bitch blowin phone like miss know love way kiss leave bleed know got knees something keeps tellin keeps tellin peep leave alone im good mama miss home im good baby im cold back road show show fuckin ho ho swear gets lonely sometimes please hold one time fuck hoes fuck life ive waitin damn night one call text youre ex fuck bitch dont even know ive dont gotta like ya bitch blowin phone like miss know love way kiss dont even know ive dont gotta like ya bitch blowin phone like miss know love way kiss", " nuts": "see eyes wanna get see eyes need right need right wanna get need right wanna get yeah wanna hear sound drive camaros town baby could leave right yeah wanna feel alive baby take time smokin loud girl know make cold heart warm touch one kiss fuckin cant get enough put thats best part baby trust trust got nothin love remember eatin pussy back bus remember gettin nookie til sun came places took one came us hoes overlook nuts"}