{"U.N.I.T.Y.": "uh unity unity thats unity unity love black man infinity infinity unity unity thats unity unity love black woman infinity infinity unity unity thats unity unity love black man infinity infinity instinct leads another flow every time hear brother call girl bitch ho tryna make sister feel low know gots go everybody knows theres exceptions rule dont gettin mad playin cool dont calling name bring wrath disrespect like dame thats im talkin one day walkin block cutoff shorts right cause crazy hot walked past dudes passed one em felt booty nasty turned around red somebody catchin wrath little one said ha ha yeah bitch laughed since boys tried break fly huh punched dead eye said callin bitch yeah unity unity thats unity unity love black woman infinity infinity unity unity thats unity unity love black man infinity infinity hit bottom aint nowhere else go bad days work give attitude erupt take thats enough put hands ill put ass handcuffs guess fell deep love grew dependency blind see affectin knew man scared let go even though treated bad dont want see kids see gettin beat daddy smackin mommy around say im nothin without ya im nothing ya man dont really love hits ya notice door im takin im personal whore thats im nothing good gon come ya til right brother wait see unity unity thats unity unity love black man infinity infinity unity unity thats unity unity love black woman infinity infinity whats goin mind ask ya like yo yo dont hear though wear rag around head call gangsta bitch saw apaches video saw wildin actin like fool peeped window jumping girls school come minute ago nerd nobody ever heard ya wannabe hard barely know abcs please theres plenty people triggers ready pull tryna jump front bullet uh real bad girls silent type aint none worth gettin face sliced cause thats happened homegirl right got wear life unity unity thats unity unity love black woman infinity infinity unity unity thats unity unity love black man infinity infinity", "Living Single theme song": "check check check check check check want free position living single yes living single life yeah living single ooh nineties kind world im glad got girls keep head keep head thats right whenever life get tough gotta fight homegirls standing left right true blue tight like glue living single nineties kind world im glad got girls haaaa", "I Know Where I've Been": "theres light darkness though night black skin theres light burning bright showing way know ive theres cry distance voice comes deep within theres cry asking pray answers ahead cause know ive theres road weve travelin lost many way riches plenty worth price price pay theres dream future theres struggle yet win theres pride heart cause know im going yes know ive yeah theres road must trave theres promise must make riches plenty worth price price pay theres dream yeah yeah yeah future theres struggle yet win theres pride heart cause know im going know ive yeah theres road must travel theres promise must make riches plenty worth risk chance take theres dream future theres struggle yet win use pride hearts lift us tomorrow cause sit still would sin lord knows know ive give thanks god cause know ive", "Ladies First": "ladies kick rhyme wicked dont know pros get evicted woman bear break take time rhyme relate sister dope enough make holler scream ayo let take queen excuse think im get precisely im conversating folks whatsoever clue listen carefully break merrily merrily merrily merrily hyper happy overjoyed pleased beats rhymes sisters employed slick smooth throwing sound totally yes let state position ladies first yes believe say woman great see know fellas agree one one time loving woman gets strong stepping strutting moving rhyming cutting forgetting ones give birth new generation prophets ladies first break lyrical freestyle grab mic look crowd see smiles cause see woman standing two sloppy slouching something wont think cant flow stereotypes got go im mess around flip scene reverse little touch ladies first said ladies couldnt make must blind dont believe well listen rhyme ladies first theres time rehearse im divine mind expands throughout universe female rapper message send queen latifah perfect specimen sister get sure monie love grab mic get dumb yo praise simply born l n n sound american dig exactly im coming want righteous rhyming imma give enable aid get paid material meaning wish slay pay every bit attention like mother like daughter would also like mention wish bring bring rhythm systematically given desperately stressing im daughter sister whos mother brother whos brother another plus one four job respect due mother whos root next n e l v e im first cause im l e contact fact style gets harder cooling scene european partner laying track track waiting climax get thats tax next man next woman doesnt make difference keep competition coming ill recite chapter verse title recital ladies first step night queens civilization mic scene right crowd hype expel wack bite cause im type swaying beats 45 king style wants sing swing meanwhile footnote opposite sex monie ripped mic rocked next plex never catch worst get drift ladies first", "Big, Blonde and Beautiful": "yeah well well owww yeah yeah bring pecan pie pour sugar sugar dont shy scoop mess chocolate swirl dont stingy im growing girl offer big love apology deny world afraid throw weight around pound pound pound im big blonde beautiful face fact simply irrefutable one wants meal offers least girl serving whole damn feast slice piece hog head cheese take look inside book recipes dont sniff around something fluffy light need man brings man size appetite ill use pinch sugar dash spice ill let lick spoon tastes nice well keep oven til good hot keep stirring til hits spot im big blonde beautiful nothing bout us thats unsuitable sit bleachers timid afraid edna look like whole parade say white might thin well thats bull cause ladies big back black beautiful shapes sizes follow wants twig climb whole tree yeah yeah yeah yeah yeah yeah oh yeah groovy baby groovy", "When You're Good To Mama": "ladies gentlemen keeper keys countess clink mistress murderers row matron mama morton ask chickies pen theyll tell im biggest mother hen love love system works system called reciprocity got little motto always sees youre good mama mamas good theres lot favors im prepared one mama shell one say life tit tat thats way live deserve lot tat ive got give dont know hand washes one youre good mama mamas good want gravy pepper ragu spice mama shell get hot pass basket folks contribute put mama shell put folks atop ladder ones world adores boost ladder kid ill boost lets stroke together like princeton crew youre strokin mama mamas strokin whats one conclusion bring number youre good mama mamas good", "Just Another Day...": "gon take one 275 halsted 384 stuyvesant gon take 155 morgan 144 harrison another day living hood another day around way feelin good today feelin lovely yay another day living hood another day around way feelin good today hear im stay well beautiful day neighborhood beautiful day neighborhood cant go wrong feel strong flavors good im whatever comes way hip hop hooray latifahs vacation im plain old dana today strap step every direction glock tecs jimmy hats case need protection land cruise pump sounds play wanna bes kid m3s getting jacked right front play tec close fingers trigger dont wanna get wet steps cause mines slightly bigger better yet im threat better walk get sketched chalk cause dont wanna talk stay true blue im hoping got fever flavor woo woo back block time play another day around way hey time chill hit hill uptown lets peep sights shoot pool act fool cause tonight im knowledge easy easy watching cop cuff kid selling clip dt home flex get pressures chest slip tape hood hit next stomach ache head steak n take bean pie get final call brother bow tie im little kids dream fiend fun lots laughter moms pops playing son passed girls wake say died seven hit stray pray theres hood heaven fake brothers claim theres shame game know name show real nigga brain back block time play another day around way hey know gotta give props cant stop without yall ill nothin wreckin checks rhymin cuttin stages front pages phones beepers reason put queen front name latifah come real life perspective rule cause peoples around way remain cool back block time play another day around way around muthafuckin way another day living hood another day around way feelin good today im feelin lovely yay another day neighborhood another day around way feelin good today hear im stay another day around way feelin good today hear im stay cause another day neighborhood another day around way im feelin good today im feelin lovely yay feelin good today feelin good today know hoods okay gonna okay", "Come So Far (Got So Far To Go) (\"Hairspray\")": "hey old friend lets look back crazy clothes wore aint fun look back see done nights together special memory cant wait tomorrow long youre dancing next cause clear every year get stronger whats gone gone past past turn radio hit gas cause know weve come far weve got far go know road seems long wont long til time go days well take fast nights well take slow know weve come far baby baby weve got far go hey old friend together side side year year road filled twists turns oh thats road got us lets move past bad times memories fade lets forgive forget learn mistakes made cause clear every year get stronger dont give dont say get back road cause know weve come far weve got far go know road seems long wont long til time go days well take fast nights well take slow know weve come far baby baby weve got far go hey old friend come along ride theres plenty room jump inside highways rocky every much better ive keep movin speed heart compass youll ever need lets keep cruisin road cause rearview mirror shows whats gone gone gone got far go oh clear every year get stronger shine light take hand lets dance promised land cause know weve come far weve got far go know road seems long wont long til time go days well take fast nights well take slow know weve come far baby baby weve got far go baby baby ooo baby baby weve got far go baby baby ooo baby baby weve got far go baby baby ooo baby baby weve got far go baby baby ooo baby baby weve got far go baby baby ooo baby baby weve got far go baby baby ooo baby baby weve got far go", "Cell Block Tango (He Had it Comin')": "dana owens aka queen latifah yes im testify gotta speak behalf dont even know happened tell happened comin blame youdve youdve seen think would done mean imagine hittin woman takin picture fightin back think ass kickin think ass flippin stairs top smilin shoulda stopped wildin could picture tryin finish see pictured side law high heels leave holes youd thought gunnin cops comin aint runnin girl shoulda seen shoulda bobbed weaved cops came got couple clean hits word couldnt take abuse couldnt explain state troops know girl yeah go girl plus look real cute orange jumpsuits story im tellin aint changin nothin needed know honor comin blame youdve youdve seen think would done comin blame youdve youdve seen think would done aight aight lets get take mug shot hurry fingerprints blood clot lil kim aka sofia luchiani keep jumpsuit im rockin armani yeah bust warnin lawyer bail money mornin im guilty tryin protect mine aint fault ran knife 20 times luck bastard aint die woulda every day blacked eye broke nose til started bleedin kicked ribs choked til stopped breathin fuck im sick bobbin weavin threatenin kill threaten leave bid cause aint way gonna like ike oj comin blame youdve youdve seen think would done comin blame youdve youdve seen think would done constantly accused mentally abused many shoes felt caught worse case puttin tired ass first place flippin bought condoms aint used one two missin made new mission catch cheater use coast shouldnt smell lever know dont smoke shouldnt smell reefer catch cheatin shouldnt yell either run quietly choke silently might sound cruel gotta love irony explain came back trip come home please aint followed guidelines forgive honor ran knife five times comin blame youdve youdve seen think would done comin blame youdve youdve seen think would done comin blame youdve youdve seen think would done", "Name Callin' Part 2": "today im queen sista role model friend today im bitch thatll shoot fair one dont exclude men wanna test come test weak songs weak shows reincarnated ill pimp slap shit weak hoes freak shows make em leak holes aint talkin shootin free throws coming stage clothes shit fuck said cant beat break took long album drop thought died missed wake dont spit subliminals doubt way dont walk around wondering fuck im talkin bout im trippin heard rippin im breakin bitches sending back first career stripping lap dancing five cents vips make rent look im platinum wondering fuck time went hoes oppose queendom wanna bring plate aint got shit else niggas dont exclude wont duck yeah thing worse bitch nigga pretty motherfuckers dressing part heart gettin hot niggas rap wit em fuck lot wack niggas went platinum tour girls get manicured better leave security might knock door get dont put past shine apache many left stitches let get back bitches im sick hoes poppin bullshit radio videos like theyre ones tv shows want got could fight everyday lotta bitches acting im one gettin paid hoes saw set dont make braid hair back let cleo ho dont start wont get knocked knowin diva diva diva bitch recognize queen latifah ill give raw trojan legs thing spose keep open jokin smoking good shit get good kick yo ass playin close like siamese wantin try im leavin hoes see ivs ever said beat lied bitch need put tv guide turn tv see 3 thought shit would easy believe name aint khadijah aint living single fox network fuckin wit expert get yo ass laid rest cave yo chest bitch niggas gettin robbed avirex pay yo debts ima yo pockets dent yo mouth bitches wanna gossip poppin shit dont know steelo make shit legit ride dick dough ho dont need tight clothes cover half assed flows yo knees way hoes gon blow saying yo"}