{"Biochemical Equation": "tempted sins life pleasures lust wild imaginings cant discuss oh flesh weak struggle peace daily conflict man beast strive god better tomorrow still suffering unforgettable sorrow repent thy sins son walk ye straight stop talking trash boy talk ye straight afflicted pressures life every vital point still wouldnt give oint flinch inch pitch pinch pie every try try wench confronted devil stay strong think take king meet kong strong base mountain theres counting many mcs sprung fountain fifty thousand year process make combination im giving mine away satan although know hes awaiting get hold biochemical equation ima slip son ima dip son catch drop ima clip son fifty thousand year process make combination 99 elements biochemical manifestation im giving mines away satan although know hes awaiting ima slip son ima dip son catch drop ima clip son bet ahk straight head pet rock least til get booth like sweat box trade bars head nodding throw us stack pay sewed like thread bobbin bonus pack invest first b boy kid show live skid row jive talking negros wear beard like frizzly haired grizzly kept appearances exquisitely rare backyard front porch standing corner club blunt torched youre soft say rhyme like starving sold odds bodkins old gods goblins golly im pest worst best friend mend rip space time fabric like polyester blend hobby knobby kneed lesser men sloppy like rest probably need estrogen yo yo drunk sober son dont lose composure semi remy mixed henny moet demi underneath passenger seat son tuck semi israeli issued automatic black pistol cop flashlight chew gum whistle tapped glass roll fast license registration address lab made insurance reason pulled cuz way swerving sir cant sober drinking breathe breathalyzer get car please follow exercise sir put one finger nose heel toe walk straight line ten paces road homeboy kano used mashed potato cartwheels spin like tornado used chase right son would always shake em come puff bowls make beats inside basement drunk sober never lose composure stress brain cause pain stomach ulcers cant understand come closer civilized uncivilized like supposed drunk sober never lose composure mic hand black man stand soldier stress brain cause pain stomach ulcers cant understand come closer", "The Baddest Man Alive": "could take pitchfork devil keep super suit like im incredible deep blue sea dark blue sky im baddest man alive ill grab crocodile tail handcuff judge throw cops jail make meanest woman breakdown cry im baddest man alive im baddest man alive ill take mess ill take jive sometimes feel like fly im baddest man alive im baddest man alive bad meaning bad im bad meaning good say name three times knock wood candy man hooks terrorize hood flashing macs cop way gangsta snatch food mouth tiger take gasoline bath walk fire bear hug grizzly suck milk titty take sergeants hat head use frisbee spit crocodile face menage trois two female apes sleep barrel butcher knives drank honey straight beehive bungee jumping empire state butt naked rollerblade across golden gate butt naked baddest man alive dont plan die grim reaper come ill look right eye ill bust face witch east tell great white shark go brush teeth im man stole golden fleece date raped beauty right front beast baddest man alive dont plan die im baddest man alive ill take mess ill take jive sometimes feel like fly im baddest man alive im baddest man alive", "Destiny Bends (Paul Walker Tribute)": "yea wanna dedicate song friend paul walker studio last night writing decided write song peace brother every time think see smile bright blue eyes thanks time smiles shared equally respected art talked young father learning takes man sharing time daughter plan drive wind surf seas realizing love woman becomes mother exists see set free worries gone breeze gone trees thought another day smile laugh wind end im grateful meet may meet paul friend highway heaven begins lost friend destiny bends bends destiny bends yea bends lost friend friend highway heaven drive wind youll surf seas oh set free worries gone breeze gone trees soul set free thought another day smile laugh wind end im thankful meet may meet paul friend paul friend", "Tragedy": "word wu tang joint wu tang forever wu tang wu tang wu tang wu tang forever word wu tang forever wu tang forever rzarector sector shaolin holy city mecca yo yo assassination vaccination poor education infatuation satan global nation taxation fiber optic microscopic biological germ mad cow burger market captain starship never departed started explore regions uncharted leave heart broken yo stand tall like buildings van dykes mics beats strike like noisy four train late night chase got new york life state cant smoke bone staircase without getting chased penny candy poisonous rappers best chill get head gashed lemonhead sour patch kids best grab life savor ill jawbreak ya boston bake ya plant sunflower seed every square acre beauty nature shown shaquasia mecca made equality known reflector stay playpen boy babble formula cried pacified lullaby black butterfly comes rain falling head like tragedy falling head causing new emotions even yo yo absorb metamorph king takes office keep planets orbit never forfeit quit move forward talk awkward slang walk wu tang yo heavy thoughts cant held laws gravity watch lama temple trying plot tragedy gain rank high officials banquet attempting hijack wu tang manual blanket cant interpret cause brain short circuit dumbness led body numbness try come amongst us whats angle rectangle triangle truth square drains power death angel strangles like weed choking helpless flower cower feel power final shower comes rain falling head like tragedy falling head causing new emotions even naked eye see e even naked eye see comes rain falling head like tragedy falling head causing new emotions even eye see word word wu tang wu tang wu tang thats right 97 february wu tang coming word", "Domestic Violence": "aint shit daddy aint shit brother aint shit money aint shit lab aint shit rings aint shit gear aint shit jewels aint shit kicks aint shit nigga whips aint shit bobby aint shit nigga im shit aint shit daddy aint shit brother aint shit money aint shit lab aint shit rings aint shit gear aint shit jewels aint shit kicks aint shit whips aint shit bobby aint shit nigga im shit aint shit daddy aint shit brother aint shit money aint shit lab aint shit bobby aint shit rings aint shit gear aint shit jewels aint shit kicks aint shit whips aint shit nigga im shit aint shit daddy aint shit brother aint shit money aint shit lab aint shit rings aint shit gear aint shit jewels aint shit kicks aint shit whips aint shit nigga im shit fuck yall birds talking get fuck house fore grab hair slap dick mouth bob digi yeah know girl fucking slave trade ass like kizzy kinte wish could fuck bitch dick suck fuck dont cook dont clean press jeans dont scrub wash clothes buy food make cream bitch dont read seeds watch tv smoke weed get nails done feet scrub hair weave sleep day eat gain weight cant breathe talking youre going leave bitch leave fuck youre waiting hit door aint taking shit spending cream gucci phillies coach moved lab bitch aint never seen roach stains carpet bathrooms like fish market take space closet fucks logic disrespecting old earth aborted child birth every day catch credit card inside purse cant speak sentence without curse talking bout youre going nurse bitch nurse got go school first first met ho tried reform bomb warn teach couldnt reach youre still ho father said ho leave bitch youre gonna ho cellulite gargoyle feet id rather beat meat raggy ass pussy starving dog wouldnt eat started body model pussy tight pharmaceutical bottle could swallow whole avocado two forty ounce bottles end world would follow fuck shit echos cause pussy hollow turn fat ass sideways stretch marks look like us highways fuck new nigga every friday talking bout bust nut bitch ill bust yo guts wonder come quick wide ass pussy soggy tits im trying get shit go sleep im real freak weekend bet baby fuck two half hours three youd better study 1 14 knowledge culture degree g g c c cause aint shit mother aint shit sister aint shit pussy aint shit weave aint shit ass aint shit girl aint shit daddy aint shit fuck yo let get fucking phone yeah get motherfucking phone quit motherfuckers fucking business end fuck ill pull motherfucking chord man fuck motherfucking socket yo god bitch bugging im sick shit motherfucker get fuck im throwing shit motherfucking terrace right im sick im phone shit shit im phone motherfucking closet right well fuck names motherfucking bitch get fuck nigga dont give fuck fuck house man shit get fuck lab motherfuckers sleeping fucking living room seeds run motherfuckers niggas yo hey hewey hey hewey dirty motherfucking socks fuck yo god bitch shit fucking dirty toilet seats bitch stupid man shit seeds gotta sit shit get motherfuckers give fucking crab ass motherfucking lab get fuck girl gas yo every lat one yall mother yous ho bitch fuckers get fuck lab come yous ho youse ho motherfucker dont make pick youse ho bottle dont make pick youse ho motherfucking bottle youse ho ho ho ho ho ho ho fuck ho ho fuck yo yo dunn yo yo god bastard bastard bastard shes stupid dunn youre fucking dirty dick nigga yeah youre fucking stupid nigga youre fucking stupid youre fucking stupid call back son call back", "Holocaust (Silkworm)": "wu tang killa beez falling endless tunnel doom reality graphically killa bee family stings galaxy insanity titanium stomach devouring guinness flesh solid stone despite outer appearance still disease kills viruses planets racial creatures made mcs sprout tumors bad lost facial features waste peoples left rain fountains pain eighty shots mouth brain shouting name holocaust black man whose veins littered thorns back smack hard seeds born deformed swarm dorms sting birds fling verbs like mean curves strike three mics flee infect em green germs ringworm cause im filthy guilty dastardly mastery felony melody bastards masterpiece stop grafting chump ass niggas eyeing tempt ill break simply im horrifyingly empty spitting darts tip glacier used hideout rock crushin german suplex watch spines slide side route forearm bash twenty jabs ave lab get stabbed bloodied bad im sipping herbal teas verbal bees plant fertile seeds bitches leave broke backs swollen palms purple knees circle thieves like vultures deserts rest cactus got oscar nominee mcs stuck hatchet drastic indescribable pain injure bars bobbys throwing razor cds like ninja stars chick chick chick chick chick chick chhhhh yo yo drop manhole yo rap ammo blows candle check yo drop manhole rap ammo blows candle wu tang tagged tombstone gano release info 44 increase heart tempo scared ass jumped closed window hundred beats per second mics secret weapon infuriate style led zeppelin encyclopedia britannica hanna barbera world super adventure couldnt give proper word scripture manner youre flicker inferno burn eternal mcs delight popcorn popping every kernel jot journal reach hot like thermal nuclear explosion undermine control country like federal enforcement management agency technique vocabulary freak c cyphers say divine like dantes peak youll trapped patmos get smacked back neck black toast king cobra black brew pack barefoot roof dusted waiting chariots popping like orville redenbacher betty crocker pop secret 45 glock popper control men like rats thats controlled ben willard american express privileges blood spillage got bars billets star spangled banner soldier stand cobra commander stop propaganda thirty shot banana clip full loaded radar scanners get decoded digital warfare torments head eyes bloated heads exploded poison darts quoted american eagle stinging blue beetle bailey rocks mixed hennessey daily keep scaly israeli niggas clan ride amistad harness promised land cant escape doctor doom lyrics loom buffoons take flight like witches brooms full moon dum dums wash filthy rhymes away like soap scum warlord swing flaming swords like shogun darkness scriptures cause arson like flaming arches killa bee sting remains accurate like marksman take precaution attack like black martians corner market using digital strategies reefer sparks acid battery yall niggas flatter tough talk drop bombs like mookie blaylock outside inside create intense rides pen glides mcs get head fly talking shit lyrics always strike throughout dungeon pit killa bees must reign supreme throughout continent conquered motherfuckers beat terminal exquisite young cooley high production caught hollow head suction ten pogo sticks two black belts break bricks diet coke meetings rich im faithfully married rap weve engaged twelve years tyson bit holyfields ear love sport look window see pull shade yall amazed tony starks spaceship ran duracell man walked hell dick swinging like shit went well call mighty joe young double swirl slush wonder womans sapphire shit pearls looked real nice yo heavy gravy dirt bagged secretary graze typed eighty words whirlwinds whirlpools openly sea watch earth spin sunny dance serpent shot jj mudbone nigga riding train nigga name jacket swift changeable inhaled bad bag jason fell twice basement straight yall", "U Can't Stop Me Now": "round round round round round round round round matter hard try cant stop matter hard try cant stop greatest b boy time started small crimes others big tops slingin small dimes tryin make come blow used numb gs week clique used sum till brother got locked girl got knocked closest homies got popped shot cops flood block way eat dropped half g rented sp 1200 sampler yamaha four track bass lab used blow fuckin door back ghost doin stick ups tryin make vic waitin outside brinks truck pick nothing would work back choppin nicks givin grown ass women two vials dick suck stressed would head rest pads sp 12 got pressed makin beats streets family could eat 93 wu tang clan dropped first lp went platinum whoo peesh yeah flatten em pockets got fat um went got cap em statens map um brooklyn zu bombin em around world killa beez start swarmin em cant stop us cant block us rock us mock us knock us top us better sit back watch us cant stop man matter hard better go hard hard gonna try stop ruckus rhythm like blocks wild bad enough got cops tryin lock cant nobody break stride shake pride without homicide case trial long time comin long nines bustin cradle grave grind hustlin sometimes think mind buggin shit things ive seen chicks ran places ive im victim song sing thats heart want part soothe pain booze narcotics imma hold head stay true heart either pay life pay dues homage", "A Word From RZA [Album Trailer]": "yo peace blessings name rza mighty wu tang clan im zonin home girl sza self savior zig zag zig allah yeah think take far mama know mean cut loose drama melodrama rise top claim yo karma honor drop lesson honor give blessing self savior sophisticated syncopations smokers several strands high potency stimulation soulful songstress see sometimes woman strongest one inside cypher yall niggas getting hyper huh could stubborn born yeah could never stupid may think shes strange nah shes wise studious reverse stress girl return back z zig zag zig yeah find zig xena could rise ashes like phoenix usable zillionaires fuck yall rap billionaires haha hey self savior boy told better save stupid motherfuckers putting wealth yo health every drop semen theres potential human every man thats born womb woman born free man every womb carry chance life infinity every woman inside divine identity yall got backwards boy need get smacked backwards boy back past yo lets backtrack ass zero zombies weak ass uncle tommys yo see allahs see knowin flowin land sea sky ocean controller space time motion darkness universe first letter verse amplified apple device appearing voice sza cut paper thin open ears let melodies enter whether sober drunk smokin bongs smokin blunts lets get mama cant front self savior zig zag zig apex nah aint nothin change yo yo baby girl fuck gon shine niggas aight understand yo", "Ich kenne nichts (das so schon ist wie du)": "know say every mans life comes time got struck arrow cupid love god beauty woman sometimes love brings thunder life brings storm sing love like love kiss take step connect bring thunder life fire eyes cause days pleasure everything far near never felt thunder lightning like never strucked wonder like ich konnte tagelang nur von dir erzahlen ohne deinen namen auch nur einmal zu erwahnen unter schmerzen oder unter tranen wurde dein name als meine linderung dienen jede deiner bewegungen sind erstrebenswert und jede stunde mit dir ist lebenswert und nichts ist vergleichbar mit dem du gibst mit dem du zeigst wie du lebst und wie du liebst ich kenne nichts ich kenne nichts das schon ist wie du ich kenne nichts ich kenne nichts das schon ist wie du ich kenne nichts ich kenne nichts das schon ist wie du ich kenne nichts ich kenne nichts das schon ist wie du schone tage mit dir sind kostbar kostbar wie der weg zum morgenstern ich zelebriere sie wie einen festtag dem ich immer wieder neues von dir lern im moment ist es das schonste dich zu kennen dich zu kennen ist wie das beste das ich hab verzeih mir aber dieses sag ich nochmal deinen namen zu nennen ist wohl das schonste ich sag ich kenne nichts ich kenne nichts das schon ist wie du ich kenne nichts ich kenne nichts das schon ist wie du ich kenne nichts ich kenne nichts das schon ist wie du ich kenne nichts ich kenne nichts das schon ist wie du", "Fatal": "blade ready die born ready motherfucker daywalker daywalker daywalker daywalker yo yo yo feast blood sin unleash beast within walk around strength hundred men best gone count ten blood dripping canine like fountain pen seems ive asleep thousand years way world changed brings thousand tears prince darkness walk rays light breed vampire im prototype shape shifting mirror image flash phototype everlast original red blood type born perfect like great white shark guy never evolve daywalker daywalker daywalker daywalker daywalker daywalker daywalker daywalker try use name thats fatal tried claim fame thats fatal bring pain thats fatal bite jugular vein thats fatal try use name thats fatal tried claim fame thats fatal bring pain thats fatal bite jugular vein thats fatal daywalker daywalker daywalker daywalker come walk come walk come walk come walk come walk come walk come walk come walk come walk youre immortal must heard hundreds rodents make claim one tasted bitter end sword strike back vengeance father descendents cant deflected silver cross pendants blow holy water make false images one swing sickle ahh life diminishes sting like scorpion strike force ten blood known revitalize corpse men last days said dead would walk blind deaf dumb talk"}